,rank,itemName,itemPrice
0,1,【楽天1位】1.7インチ大画面 スマートウォッチ 体温測定 血中酸素 スマート ブレスレット リストバンド 心拍 歩数 カロリー 健康管理 腕時計 着信通知 IP68防水 睡眠検測 音楽御製 フルタッチ 長い待機 技適認証 メンズ レディース 彼氏 彼女 父 母 ギフト Q9 送料無料,2990
1,2,【発売記念50%クーポン付き&楽天1位】 スマートウォッチ 体温測定 1.7インチ超大画面 血中酸素 腕時計 24時間健康管理 歩数計 スマートウォッチ メンズ レディース IP68防水 GPS連携 Line 着信通知 睡眠検測 アラーム プレゼント ギフト 送料無料,7350
2,3,【全機種対応】アップルウォッチ バンド Apple Watch 取替 ベルト ステンレス ミラネーゼ ループ メッシュ 着せ替え カスタム 腕時計 おしゃれ 38mm 40mm 41mm 42mm 44mm 45mm メンズ レディース アップルウォッチシリーズ7 6 5 4 3 2 1【レビュー特典】,1650
3,4,【楽天1位獲得】2022最新版 24時間健康管理 スマートウォッチ レディース 1.7インチ大画面 IP67防水 体温監視 運動モード 消費カロリー 心拍数 歩数計 着信通知 睡眠モード 天気予報 レディース腕時計 音楽コントロール 腕上げ点灯 プレゼント,2979
4,5,"アップルウォッチ バンド ベルト apple watch バンド 裏面防水素材 series 7,6,SE,5,4,3,2,1 革 レザー 本革 38mm 40mm 41mm 42mm 44mm 45mm スリム イタリアンレザーベルト くすみカラー サードパーティ 保護ケース付 | applewatch3 applewatch5 メンズ レディース",3850
5,6,【楽天1位】【24時間体温監視】スマートウォッチ 体温測定 血中酸素 スマートブレスレット リストバンド 大画面 活動量計 歩数計 心拍 IPX68防水 睡眠検測 座りがち注意 飲水通知 SMS通知 アラーム 彼氏 彼女 プレゼント 誕生日 レディース メンズ 技適認証 S5 送料無料,2680
6,7,アップルウォッチ バンド くすみカラー レディース シリコン ベルト Apple Watch かわいい 大人女子 スポーツ 38mm 40mm 41mm 42mm 44mm 45mm おしゃれ ニュアンスカラー アップルウォッチ7 6 5 4 3 2 SE,1980
7,8,出荷前に新品電池と交換します,800
8,9,G-SHOCK Gショック 5600シリーズ 電波ソーラー メンズ 腕時計 GW-M5610U-1ER CASIO カシオ ブラック,12130
9,10,G-SHOCK Gショック GW-M5610U-1BJF 5600 ブラック タフソーラー デジタル 電波時計 カシオ 電波 ソーラー 腕時計 電波腕時計 【国内正規品】 メンズ ソーラー電波時計 ジーショック 【送料無料】 電波　ソーラー TheG,17600
10,11,アップルウォッチ カバー ケース 全面 保護 耐衝撃 透明 メタリック メッキ マット おしゃれ AppleWatch Series7 SE Series6 Series5 Series4 Series3 Series2 送料無料,1180
11,12,アップルウォッチ バンド くすみカラー シリコン スポーツ ラバーバンド apple watch バンド アップルウォッチバンド 38mm 42mm 41mm 40mm 44mm 45mm アップルウォッチ7 アップルウォッチ6 アップルウォッチSE おしゃれ かわいい レディース apple watch バンド レディース,1580
12,13,【10年保証】【日本未発売】CASIO STANDARD カシオ スタンダード 腕時計 時計 ブランド メンズ レディース キッズ 子供 男の子 女の子 チープカシオ チプカシ アナログ ブラック 黒 ホワイト 白 シルバー ゴールド 金 海外モデル ギフト プレゼント,1240
13,14,＼今だけTIMEセール／【楽天1位】【病院おススメ】【驚くほど軽い】【塗装が剥げない】【高評価レビュー4.6点】かわいい ナースウォッチ 2年保証 チェーン 蓄光 日本製クォーツ 防水 送料無料 おすすめ 懐中時計 人気 時計 ナースグッズ 看護師 ナース Little magic,2682
14,15,じゅん散歩で紹介!【送料無料】ソーラー電波時計 カシオ 腕時計 メンズ CASIO 正規品 ソーラー 電波 ブランド マルチバンド6 電波腕時計 5気圧 防水 男性 紳士 ビジネス 人気 防災 就職 御祝 バレンタイン ギフト プレゼント テレビ朝日 ロッピング TV 紹介,9980
15,16,【5年保証】腕時計 レディース CASIO カシオ LRW200H LRW-200H シリーズ 100M防水 カレンダー付 チープカシオ チプカシ プチプラ かわいい おしゃれ カジュアル きれい 女性 レディース キッズ 子供 女の子 こども 子供用 子ども 男の子 小学生 幼稚園 卒園 卒業 お祝い,2450
16,17,"クーポン利用で1980円 アップルウォッチ バンド 高級イタリアンレザー使用 本革 apple watch バンド スポーツ レディース SE 革 おしゃれ ブランド レザー アップルウォッチバンド series7,6,SE,5,4,3,2,1 38mm 40mm 41mm 42mm 44mm 45mm",2980
17,18,【10年保証】【日本未発売】CASIO SPORTS カシオ スポーツ 腕時計 時計 ブランド レディース キッズ 子供 女の子 チープカシオ チプカシ アナログ 日付 カレンダー 防水 ブラック 黒 ホワイト 白 ブルー 水色 ピンク ゴールド 金 海外モデル ギフト プレゼント,2400
18,19,【2点目半額クーポン配布中！】NIMASO 19色 apple watch カバーケース アップルウォッチ 保護ケース アップルウォッチ カバー 透明 シルバー Apple Watch 7/SE/6/5/4/3/2/1 45mm 41mm 40mm 44mm 38mm 42mm クリア ローズゴールドガラス送料無料1年保証かわいい互換品,1480
19,20,フォーエバー　レディースウォッチ7色30800円⇒ 10800円【送料無料】【フォーエバー 腕時計】【FOREVER 腕時計】【Forever時計】(FL1201)(fgfl-1201)【正規品】メーカー保証付【10年電池 10気圧防水】楽天スーパーセール・お買い物マラソン【販売数5000個突破】,10800
20,21,【2本セット20色選べる】 アップルウォッチ バンド くすみカラー シリコン スポーツ ラバー スポーツバンド 替え ベルト スリム レディース メンズ apple watch 7 SE 6 5 4 3 2 1 全シリーズ 対応 おしゃれ かわいい くすみ 38mm 40mm 41mm 42mm 44mm 45mm applewatch,1580
21,22,【ポイント還元10％】Apple Watch 7 ケース apple watchカバー アップルウォッチカバー 41mm　45mm アップルウォッチケース Apple Watch Series7 6 5 4 SE フィルム 40mm 44mm 全面保護 38mm 42mm 42 Series 3 2 高透明 耐衝撃 おしゃれ 薄型【送料無料】【楽天1位】,880
22,23,アップルウォッチ バンド レディース ステンレス チェーン キラキラ べっこう 大理石 アップルウォッチ バンド 45mm 44mm 42mm 41mm 40mm 38mm アップルウォッチ6 バンド アップルウォッチSE アップルウォッチ7 バンド apple watch 44mm 45mm べっ甲 クリア 透明 シルバー,3490
23,24,アップルウォッチ バンド アップルウォッチ ステンレス ベルト apple watch バンド アップルウォッチバンド 38mm 40mm 41mm 42mm 44mm 45mm アップルウォッチ7 アップルウォッチ6 アップルウォッチSE アップルウォッチ5 4 3 2 あす楽,2580
24,25,"アップルウォッチ バンド ベルト apple watch series 7,6,SE,5,4,3,2,1 革 レザー 本革 38mm 40mm 41mm 42mm 44mm 45mm レザーバンド ニュアンスカラー アップル ウォッチ サードパーティ 保護ケース付 | applewatch5 ベルト applewatch3 バンド メンズ レディース",2750
25,26,【10年保証】【日本未発売】CASIO STANDARD カシオ スタンダード 腕時計 時計 ブランド メンズ レディース キッズ 子供 男の子 女の子 チープカシオ チプカシ デジタル 日付 カレンダー ブラック 黒 ネイビー カーキ レッド 赤 オレンジ 海外モデル ギフト プレゼント,2200
26,27,【楽天2位】Bluetooth通話 スマートウォッチ 体温測定 血中酸素 1.28インチ大画面 心拍 歩数 カロリー 健康管理 スマートブレスレット 着信通知 IP67防水 リストバンド 腕時計 睡眠 音楽再生 長待機 技適認証 メンズ レディース 父 母 誕生日 ギフト T33S 送料無料,4990
27,28,特価品 XC クロスシー ハッピーフライト ピンクゴールド エコドライブ電波時計 EC1034-59W シチズン CITIZEN 腕時計 レディース,44660
28,29,【2021最新】キッズ スマートウォッチ 腕時計 子供 知育玩具 子供 自撮りカメラ ゲーム 音楽 アラーム 歩数計 録画録音 多機能腕時計 入園入学祝い 女の子 男の子 おもちゃ クリスマス 誕生日 プレゼント 小学生 ギフト 人気 防水 IP67 日本語対応 日本語説明書 一年間保証,3980
29,30,【期間限定1000円クーポン】スマートウォッチ 通話機能 Bluetooth通話 体温測定 心拍計 血中酸素 着信通知 多機能 iPhone Android アンドロイド 歩数計 GPS運動記録 文字盤変更 メンズ 健康管理 スマートブレスレット 日本語対応 おしゃれ IP67防水 送料無料,5980
